Season,Match,Y/M/D,Pool,Week,City,Country,Team,VS_Team,Service points won,Receiver points won,SET,VS_SET,Point1,Point2,Point3,Point4,Point5,VS_Point1,VS_Point2,VS_Point3,VS_Point4,VS_Point5,SET,SCORING_Total ABS,SCORING_Attack Points,SCORING_Block Points,SCORING_Serve Points,SCORING_Errors,ATTACK_Point,ATTACK_Errors,ATTACK_Attempts,ATTACK_Total,BLOCK_Point,BLOCK_Errors,BLOCK_Touches,BLOCK_Total,SERVE_Point,SERVE_Errors,SERVE_Attempts,SERVE_Total,RECEPTION_Successful,RECEPTION_Errors,RECEPTION_Attempts,RECEPTION_Total,DIG_Digs,DIG_Errors,DIG_Total,SET_Point,SET_Errors,SET_Attempts,SET_Total
2024,1,45501,C,Preliminary,Paris,France,Italy,Dominican Republic,44/98 (45%),55/85 (65%),3,1,25,24,25,25,-,19,26,21,18,-,ALL,61,47,9,5,0,47,20,57,124,9,15,30,54,5,9,84,98,38,4,32,74,44,25,79,35,1,80,116
2024,1,45501,C,Preliminary,Paris,France,Italy,Dominican Republic,13/24 (54%),12/20 (60%),3,1,25,24,25,25,-,19,26,21,18,-,1,14,11,3,0,0,11,3,14,28,3,5,10,18,0,4,20,24,7,1,10,18,6,2,10,1,0,22,23
2024,1,45501,C,Preliminary,Paris,France,Italy,Dominican Republic,11/25 (44%),13/25 (52%),3,1,25,24,25,25,-,19,26,21,18,-,2,13,11,1,1,0,11,7,21,39,1,6,9,16,1,0,24,25,16,1,5,22,17,9,26,21,0,16,37
2024,1,45501,C,Preliminary,Paris,France,Italy,Dominican Republic,10/24 (42%),15/22 (68%),3,1,25,24,25,25,-,19,26,21,18,-,3,19,14,3,2,0,14,5,12,31,3,2,6,11,2,3,19,24,9,0,11,20,8,6,22,4,1,29,34
2024,1,45501,C,Preliminary,Paris,France,Italy,Dominican Republic,10/25 (40%),15/18 (83%),3,1,25,24,25,25,-,19,26,21,18,-,4,15,11,2,2,0,11,5,10,26,2,2,5,9,2,2,21,25,6,2,6,14,13,8,21,9,0,13,22
2024,1,45501,C,Preliminary,Paris,France,Dominican Republic,Italy,30/85 (35%),54/98 (55%),1,3,19,26,21,18,-,25,24,25,25,-,ALL,66,50,13,3,0,50,31,65,146,13,11,24,48,3,12,70,85,31,5,47,83,38,21,78,26,0,103,129
2024,1,45501,C,Preliminary,Paris,France,Dominican Republic,Italy,8/20 (40%),11/24 (46%),1,3,19,26,21,18,-,25,24,25,25,-,1,14,11,2,1,0,11,10,16,37,2,2,7,11,1,2,17,20,11,0,6,17,6,5,14,10,0,13,23
2024,1,45501,C,Preliminary,Paris,France,Dominican Republic,Italy,12/25 (48%),14/25 (56%),1,3,19,26,21,18,-,25,24,25,25,-,2,24,17,6,1,0,17,9,19,45,6,1,8,15,1,3,21,25,7,1,17,25,14,5,28,1,0,44,45
2024,1,45501,C,Preliminary,Paris,France,Dominican Republic,Italy,7/22 (32%),14/24 (58%),1,3,19,26,21,18,-,25,24,25,25,-,3,14,12,2,0,0,12,5,16,33,2,4,6,12,0,2,20,22,11,2,5,18,13,7,21,14,0,15,29
2024,1,45501,C,Preliminary,Paris,France,Dominican Republic,Italy,3/18 (17%),15/25 (60%),1,3,19,26,21,18,-,25,24,25,25,-,4,14,10,3,1,0,10,7,14,31,3,4,3,10,1,5,12,18,2,2,19,23,5,4,15,1,0,31,32
2024,2,45501,B,Preliminary,Paris,France,Poland,Japan,33/97 (34%),65/97 (67%),3,1,20,25,25,28,-,25,22,23,26,-,ALL,72,55,14,3,0,55,11,59,125,14,31,26,71,3,12,82,97,56,5,20,81,33,25,69,42,1,71,114
2024,2,45501,B,Preliminary,Paris,France,Poland,Japan,5/20 (25%),15/25 (60%),3,1,20,25,25,28,-,25,22,23,26,-,1,15,11,4,0,0,11,3,17,31,4,10,10,24,0,3,17,20,14,2,5,21,7,3,16,8,1,19,28
2024,2,45501,B,Preliminary,Paris,France,Poland,Japan,8/25 (32%),17/22 (77%),3,1,20,25,25,28,-,25,22,23,26,-,2,21,16,3,2,0,16,3,13,32,3,5,8,16,2,2,21,25,16,0,4,20,7,9,17,13,0,14,27
2024,2,45501,B,Preliminary,Paris,France,Poland,Japan,8/24 (33%),17/24 (71%),3,1,20,25,25,28,-,25,22,23,26,-,3,19,16,3,0,0,16,2,15,33,3,11,4,18,0,3,21,24,16,0,3,19,11,5,19,6,0,26,32
2024,2,45501,B,Preliminary,Paris,France,Poland,Japan,12/28 (43%),16/26 (62%),3,1,20,25,25,28,-,25,22,23,26,-,4,17,12,4,1,0,12,3,14,29,4,5,4,13,1,4,23,28,10,3,8,21,8,8,17,15,0,12,27
2024,2,45501,B,Preliminary,Paris,France,Japan,Poland,32/97 (33%),64/97 (66%),1,3,25,22,23,26,-,20,25,25,28,-,ALL,76,66,5,5,0,66,27,53,146,5,20,22,47,5,11,81,97,56,3,20,79,47,28,89,30,0,91,121
2024,2,45501,B,Preliminary,Paris,France,Japan,Poland,10/25 (40%),15/20 (75%),1,3,25,22,23,26,-,20,25,25,28,-,1,19,16,1,2,0,16,5,14,35,1,5,4,10,2,3,20,25,11,0,3,14,5,3,15,6,0,17,23
2024,2,45501,B,Preliminary,Paris,France,Japan,Poland,5/22 (23%),17/25 (68%),1,3,25,22,23,26,-,20,25,25,28,-,2,19,17,2,0,0,17,7,17,41,2,4,6,12,0,0,22,22,15,2,5,22,18,10,29,4,0,33,37
2024,2,45501,B,Preliminary,Paris,France,Japan,Poland,7/24 (29%),16/24 (67%),1,3,25,22,23,26,-,20,25,25,28,-,3,18,18,0,0,0,18,6,11,35,0,6,5,11,0,3,21,24,13,0,7,20,12,9,23,17,0,13,30
2024,2,45501,B,Preliminary,Paris,France,Japan,Poland,10/26 (38%),16/28 (57%),1,3,25,22,23,26,-,20,25,25,28,-,4,20,15,2,3,0,15,9,11,35,2,5,7,14,3,5,18,26,17,1,5,23,12,6,22,3,0,28,31
2024,3,45502,C,Preliminary,Paris,France,Türkiye,Netherlands,43/102 (42%),60/108 (56%),3,2,19,19,25,25,15,25,25,22,22,13,ALL,80,68,8,4,0,68,29,67,164,8,16,26,50,4,10,88,102,54,3,36,93,63,34,122,49,5,107,161
2024,3,45502,C,Preliminary,Paris,France,Türkiye,Netherlands,7/19 (37%),12/25 (48%),3,2,19,19,25,25,15,25,25,22,22,13,1,15,13,1,1,0,13,8,7,28,1,2,2,5,1,4,14,19,14,1,6,21,7,8,17,4,0,21,25
2024,3,45502,C,Preliminary,Paris,France,Türkiye,Netherlands,8/20 (40%),11/24 (46%),3,2,19,19,25,25,15,25,25,22,22,13,2,13,11,2,0,0,11,9,15,35,2,4,3,9,0,1,19,20,9,1,11,21,11,5,24,13,2,22,37
2024,3,45502,C,Preliminary,Paris,France,Türkiye,Netherlands,11/24 (46%),14/23 (61%),3,2,19,19,25,25,15,25,25,22,22,13,3,19,15,2,2,0,15,6,17,38,2,5,7,14,2,3,19,24,12,1,7,20,15,5,25,4,0,32,36
2024,3,45502,C,Preliminary,Paris,France,Türkiye,Netherlands,11/25 (44%),14/22 (64%),3,2,19,19,25,25,15,25,25,22,22,13,4,22,19,2,1,0,19,4,17,40,2,3,9,14,1,1,23,25,13,0,6,19,19,10,36,20,2,19,41
2024,3,45502,C,Preliminary,Paris,France,Türkiye,Netherlands,6/14 (43%),9/14 (64%),3,2,19,19,25,25,15,25,25,22,22,13,5,11,10,1,0,0,10,2,11,23,1,2,5,8,0,1,13,14,6,0,6,12,11,6,20,8,1,13,22
2024,3,45502,C,Preliminary,Paris,France,Netherlands,Türkiye,48/108 (44%),59/102 (58%),2,3,25,25,22,22,13,19,19,25,25,15,ALL,77,59,15,3,0,59,20,83,162,15,25,34,74,3,11,94,108,57,4,29,90,65,35,107,62,0,84,146
2024,3,45502,C,Preliminary,Paris,France,Netherlands,Türkiye,13/25 (52%),12/19 (63%),2,3,25,25,22,22,13,19,19,25,25,15,1,15,11,3,1,0,11,3,9,23,3,4,2,9,1,2,22,25,7,1,6,14,7,9,16,9,0,9,18
2024,3,45502,C,Preliminary,Paris,France,Netherlands,Türkiye,13/24 (54%),12/20 (60%),2,3,25,25,22,22,13,19,19,25,25,15,2,19,12,6,1,0,12,5,18,35,6,5,9,20,1,2,21,24,15,0,3,18,16,4,22,14,0,19,33
2024,3,45502,C,Preliminary,Paris,France,Netherlands,Türkiye,9/23 (39%),13/24 (54%),2,3,25,25,22,22,13,19,19,25,25,15,3,16,12,3,1,0,12,5,15,32,3,5,7,15,1,3,19,23,12,2,7,21,13,8,23,18,0,12,30
2024,3,45502,C,Preliminary,Paris,France,Netherlands,Türkiye,8/22 (36%),14/25 (56%),2,3,25,25,22,22,13,19,19,25,25,15,4,16,15,1,0,0,15,4,24,43,1,8,12,21,0,2,20,22,16,1,7,24,17,10,28,12,0,29,41
2024,3,45502,C,Preliminary,Paris,France,Netherlands,Türkiye,5/14 (36%),8/14 (57%),2,3,25,25,22,22,13,19,19,25,25,15,5,11,9,2,0,0,9,3,17,29,2,3,4,9,0,2,12,14,7,0,6,13,12,4,18,9,0,15,24
2024,4,45502,B,Preliminary,Paris,France,Brazil,Kenya,41/73 (56%),34/41 (83%),3,0,25,25,25,-,-,14,13,12,-,-,ALL,60,42,16,2,0,42,7,24,73,16,12,15,43,2,10,61,73,28,0,8,36,35,6,46,34,1,35,70
2024,4,45502,B,Preliminary,Paris,France,Brazil,Kenya,13/24 (54%),12/15 (80%),3,0,25,25,25,-,-,14,13,12,-,-,1,20,15,4,1,0,15,1,15,31,4,7,5,16,1,4,19,24,6,0,5,11,19,0,20,9,0,20,29
2024,4,45502,B,Preliminary,Paris,France,Brazil,Kenya,14/25 (56%),11/13 (85%),3,0,25,25,25,-,-,14,13,12,-,-,2,21,14,6,1,0,14,2,8,24,6,4,6,16,1,3,21,25,10,0,2,12,10,4,17,13,0,10,23
2024,4,45502,B,Preliminary,Paris,France,Brazil,Kenya,14/24 (58%),11/13 (85%),3,0,25,25,25,-,-,14,13,12,-,-,3,19,13,6,0,0,13,4,1,18,6,1,4,11,0,3,21,24,12,0,1,13,6,2,9,12,1,5,18
2024,4,45502,B,Preliminary,Paris,France,Kenya,Brazil,7/41 (17%),32/73 (44%),0,3,14,13,12,-,-,25,25,25,-,-,ALL,24,21,3,0,0,21,23,36,80,3,14,13,30,0,4,37,41,21,2,35,58,24,19,46,14,1,63,78
2024,4,45502,B,Preliminary,Paris,France,Kenya,Brazil,3/15 (20%),11/24 (46%),0,3,14,13,12,-,-,25,25,25,-,-,1,9,9,0,0,0,9,5,14,28,0,6,7,13,0,3,12,15,5,1,11,17,10,4,15,4,0,20,24
2024,4,45502,B,Preliminary,Paris,France,Kenya,Brazil,2/13 (15%),11/25 (44%),0,3,14,13,12,-,-,25,25,25,-,-,2,10,8,2,0,0,8,7,12,27,2,3,5,10,0,1,12,13,10,1,10,21,10,9,20,6,1,22,29
2024,4,45502,B,Preliminary,Paris,France,Kenya,Brazil,2/13 (15%),10/24 (42%),0,3,14,13,12,-,-,25,25,25,-,-,3,5,4,1,0,0,4,11,10,25,1,5,1,7,0,0,13,13,6,0,14,20,4,6,11,4,0,21,25
2024,5,45502,A,Preliminary,Paris,France,USA,China,42/102 (41%),60/102 (59%),2,3,20,19,25,25,13,25,25,17,20,15,ALL,91,74,11,6,0,74,27,67,168,11,30,30,71,6,5,91,102,61,1,37,99,53,16,92,40,1,109,150
2024,5,45502,A,Preliminary,Paris,France,USA,China,7/20 (35%),13/25 (52%),2,3,20,19,25,25,13,25,25,17,20,15,1,18,15,2,1,0,15,7,22,44,2,11,6,19,1,0,19,20,18,1,6,25,17,4,30,8,1,32,41
2024,5,45502,A,Preliminary,Paris,France,USA,China,5/20 (25%),14/24 (58%),2,3,20,19,25,25,13,25,25,17,20,15,2,16,14,2,0,0,14,5,16,35,2,4,7,13,0,3,17,20,16,0,8,24,7,4,15,13,0,18,31
2024,5,45502,A,Preliminary,Paris,France,USA,China,11/24 (46%),14/18 (78%),2,3,20,19,25,25,13,25,25,17,20,15,3,22,19,2,1,0,19,7,10,36,2,4,8,14,1,2,21,24,8,0,8,16,16,3,24,7,0,27,34
2024,5,45502,A,Preliminary,Paris,France,USA,China,14/25 (56%),11/20 (55%),2,3,20,19,25,25,13,25,25,17,20,15,4,23,17,3,3,0,17,6,13,36,3,5,7,15,3,0,21,24,8,0,11,19,10,4,18,7,0,21,28
2024,5,45502,A,Preliminary,Paris,France,USA,China,5/13 (38%),8/15 (53%),2,3,20,19,25,25,13,25,25,17,20,15,5,12,9,2,1,0,9,2,6,17,2,6,2,10,1,0,13,14,11,0,4,15,3,1,5,5,0,11,16
2024,5,45502,A,Preliminary,Paris,France,China,USA,42/102 (41%),60/102 (59%),3,2,25,25,17,20,15,20,19,25,25,13,ALL,81,68,12,1,0,68,17,63,148,12,24,35,71,1,2,99,102,45,5,42,92,52,22,94,30,2,107,139
2024,5,45502,A,Preliminary,Paris,France,China,USA,12/25 (48%),13/20 (65%),3,2,25,25,17,20,15,20,19,25,25,13,1,19,16,2,1,0,16,4,21,41,2,6,9,17,1,0,24,25,12,1,7,20,12,3,21,9,0,25,34
2024,5,45502,A,Preliminary,Paris,France,China,USA,10/24 (42%),15/20 (75%),3,2,25,25,17,20,15,20,19,25,25,13,2,19,17,2,0,0,17,5,10,32,2,5,13,20,0,0,24,24,11,0,6,17,19,8,30,6,0,30,36
2024,5,45502,A,Preliminary,Paris,France,China,USA,4/18 (22%),13/24 (54%),3,2,25,25,17,20,15,20,19,25,25,13,3,13,8,5,0,0,8,3,15,26,5,5,5,15,0,2,16,18,7,1,11,19,5,6,14,7,0,17,24
2024,5,45502,A,Preliminary,Paris,France,China,USA,9/20 (45%),11/25 (44%),3,2,25,25,17,20,15,20,19,25,25,13,4,15,14,1,0,0,14,3,14,31,1,4,8,13,0,0,21,21,8,3,12,23,11,5,22,4,1,24,29
2024,5,45502,A,Preliminary,Paris,France,China,USA,7/15 (47%),8/13 (62%),3,2,25,25,17,20,15,20,19,25,25,13,5,15,13,2,0,0,13,2,3,18,2,4,0,6,0,0,14,14,7,0,6,13,5,0,7,4,1,11,16
2024,6,45502,A,Preliminary,Paris,France,France,Serbia,19/58 (33%),37/73 (51%),0,3,17,17,22,-,-,25,25,25,-,-,ALL,37,28,8,1,0,28,18,46,92,8,10,11,29,1,8,49,58,25,8,31,64,24,20,52,13,1,70,84
2024,6,45502,A,Preliminary,Paris,France,France,Serbia,4/18 (22%),13/24 (54%),0,3,17,17,22,-,-,25,25,25,-,-,1,9,6,3,0,0,6,6,17,29,3,2,1,6,0,4,14,18,7,5,7,19,12,4,16,7,0,19,26
2024,6,45502,A,Preliminary,Paris,France,France,Serbia,5/17 (29%),12/25 (48%),0,3,17,17,22,-,-,25,25,25,-,-,2,11,8,3,0,0,8,5,10,23,3,6,2,11,0,1,16,17,9,1,12,22,0,9,13,0,1,21,22
2024,6,45502,A,Preliminary,Paris,France,France,Serbia,10/23 (43%),12/24 (50%),0,3,17,17,22,-,-,25,25,25,-,-,3,17,14,2,1,0,14,7,19,40,2,2,8,12,1,3,19,23,9,2,12,23,12,7,23,6,0,30,36
2024,6,45502,A,Preliminary,Paris,France,Serbia,France,36/73 (49%),39/58 (67%),3,0,25,25,25,-,-,17,17,22,-,-,ALL,61,39,14,8,0,39,18,30,87,14,15,17,46,8,9,56,73,32,1,17,50,17,8,49,12,0,70,82
2024,6,45502,A,Preliminary,Paris,France,Serbia,France,11/24 (46%),14/18 (78%),3,0,25,25,25,-,-,17,17,22,-,-,1,20,10,5,5,0,10,6,10,26,5,3,8,16,5,5,14,24,10,0,4,14,2,2,16,1,0,25,26
2024,6,45502,A,Preliminary,Paris,France,Serbia,France,13/25 (52%),12/17 (71%),3,0,25,25,25,-,-,17,17,22,-,-,2,23,16,6,1,0,16,6,3,25,6,2,3,11,1,3,21,25,10,0,6,16,10,3,14,5,0,18,23
2024,6,45502,A,Preliminary,Paris,France,Serbia,France,12/24 (50%),13/23 (57%),3,0,25,25,25,-,-,17,17,22,-,-,3,18,13,3,2,0,13,6,17,36,3,10,6,19,2,1,21,24,12,1,7,20,5,3,19,6,0,27,33
2024,7,45504,A,Preliminary,Paris,France,USA,Serbia,-,-,3,2,25,25,20,14,17,17,20,25,25,15,ALL,78,56,19,3,0,56,26,64,146,19,17,27,63,3,8,90,101,46,6,40,92,41,41,94,45,0,85,130
2024,7,45504,A,Preliminary,Paris,France,USA,Serbia,-,-,3,2,25,25,20,14,17,17,20,25,25,15,1,18,13,4,1,0,13,3,6,22,4,2,2,8,1,4,19,24,10,0,5,15,5,8,14,15,0,5,20
2024,7,45504,A,Preliminary,Paris,France,USA,Serbia,-,-,3,2,25,25,20,14,17,17,20,25,25,15,2,18,12,5,1,0,12,3,8,23,5,4,5,14,1,2,23,26,4,3,11,18,6,7,14,4,0,17,21
2024,7,45504,A,Preliminary,Paris,France,USA,Serbia,-,-,3,2,25,25,20,14,17,17,20,25,25,15,3,16,13,3,0,0,13,9,16,38,3,4,7,14,0,0,20,20,10,1,13,24,8,10,24,10,0,24,34
2024,7,45504,A,Preliminary,Paris,France,USA,Serbia,-,-,3,2,25,25,20,14,17,17,20,25,25,15,4,11,7,4,0,0,7,6,16,29,4,5,6,15,0,1,14,15,11,2,7,20,12,11,24,4,0,23,27
2024,7,45504,A,Preliminary,Paris,France,USA,Serbia,-,-,3,2,25,25,20,14,17,17,20,25,25,15,5,15,11,3,1,0,11,5,18,34,3,2,7,12,1,1,14,16,11,0,4,15,10,5,18,12,0,16,28
2024,7,45504,A,Preliminary,Paris,France,Serbia,USA,-,-,2,3,17,20,25,25,15,25,25,20,14,17,ALL,83,63,14,6,0,63,31,51,145,14,19,25,58,6,9,87,102,49,3,35,87,48,28,81,44,0,88,132
2024,7,45504,A,Preliminary,Paris,France,Serbia,USA,-,-,2,3,17,20,25,25,15,25,25,20,14,17,1,13,10,3,0,0,10,7,7,24,3,1,1,5,0,3,15,18,11,1,8,20,5,12,18,7,0,16,23
2024,7,45504,A,Preliminary,Paris,France,Serbia,USA,-,-,2,3,17,20,25,25,15,25,25,20,14,17,2,16,12,1,3,0,12,10,7,29,1,5,1,7,3,1,15,19,12,1,9,22,7,5,12,12,0,14,26
2024,7,45504,A,Preliminary,Paris,France,Serbia,USA,-,-,2,3,17,20,25,25,15,25,25,20,14,17,3,21,15,5,1,0,15,6,17,38,5,7,7,19,1,1,23,25,13,0,7,20,16,5,21,10,0,26,36
2024,7,45504,A,Preliminary,Paris,France,Serbia,USA,-,-,2,3,17,20,25,25,15,25,25,20,14,17,4,21,16,3,2,0,16,4,12,32,3,5,9,17,2,3,19,24,6,0,8,14,15,2,18,13,0,16,29
2024,7,45504,A,Preliminary,Paris,France,Serbia,USA,-,-,2,3,17,20,25,25,15,25,25,20,14,17,5,12,10,2,0,0,10,4,8,22,2,1,7,10,0,1,15,16,7,1,3,11,5,4,12,2,0,16,18
2024,8,45504,B,Preliminary,Paris,France,Poland,Kenya,-,-,3,0,25,25,25,-,-,14,17,15,-,-,ALL,56,44,6,6,0,44,4,27,75,6,15,10,31,6,5,62,73,24,3,17,44,31,16,55,30,0,43,73
2024,8,45504,B,Preliminary,Paris,France,Poland,Kenya,-,-,3,0,25,25,25,-,-,14,17,15,-,-,1,17,12,3,2,0,12,1,6,19,3,4,3,10,2,2,20,24,10,0,5,15,6,6,12,10,0,10,20
2024,8,45504,B,Preliminary,Paris,France,Poland,Kenya,-,-,3,0,25,25,25,-,-,14,17,15,-,-,2,21,14,3,4,0,14,1,10,25,3,7,3,13,4,2,19,25,7,1,7,15,9,5,19,10,0,13,23
2024,8,45504,B,Preliminary,Paris,France,Poland,Kenya,-,-,3,0,25,25,25,-,-,14,17,15,-,-,3,18,18,0,0,0,18,2,11,31,0,4,4,8,0,1,23,24,7,2,5,14,16,5,24,10,0,20,30
2024,8,45504,B,Preliminary,Paris,France,Kenya,Poland,-,-,0,3,14,17,15,-,-,25,25,25,-,-,ALL,37,33,1,3,0,33,22,33,88,1,11,19,31,3,3,42,48,21,6,39,66,19,28,56,9,0,70,79
2024,8,45504,B,Preliminary,Paris,France,Kenya,Poland,-,-,0,3,14,17,15,-,-,25,25,25,-,-,1,10,10,0,0,0,10,11,7,28,0,2,2,4,0,0,15,15,7,2,12,21,2,9,14,3,0,20,23
2024,8,45504,B,Preliminary,Paris,France,Kenya,Poland,-,-,0,3,14,17,15,-,-,25,25,25,-,-,2,15,13,1,1,0,13,5,12,30,1,2,10,13,1,2,14,17,6,4,13,23,12,9,23,3,0,27,30
2024,8,45504,B,Preliminary,Paris,France,Kenya,Poland,-,-,0,3,14,17,15,-,-,25,25,25,-,-,3,12,10,0,2,0,10,6,14,30,0,7,7,14,2,1,13,16,8,0,14,22,5,10,19,3,0,23,26
2024,9,45505,C,Preliminary,Paris,France,Türkiye,Dominican Republic,38/95 (40%),58/81 (72%),3,1,21,25,25,25,-,25,18,22,15,-,ALL,80,60,11,9,0,60,12,50,122,11,13,23,47,9,14,72,95,44,4,21,69,40,21,83,57,1,60,118
2024,9,45505,C,Preliminary,Paris,France,Türkiye,Dominican Republic,5/22 (23%),16/24 (67%),3,1,21,25,25,25,-,25,18,22,15,-,1,15,12,3,0,0,12,6,13,31,3,2,7,12,0,4,18,22,16,1,3,20,8,7,22,19,0,11,30
2024,9,45505,C,Preliminary,Paris,France,Türkiye,Dominican Republic,10/24 (42%),15/19 (79%),3,1,21,25,25,25,-,25,18,22,15,-,2,21,18,1,2,0,18,2,10,30,1,3,8,12,2,4,18,24,8,1,6,15,9,5,21,12,1,18,31
2024,9,45505,C,Preliminary,Paris,France,Türkiye,Dominican Republic,11/25 (44%),14/22 (64%),3,1,21,25,25,25,-,25,18,22,15,-,3,23,18,3,2,0,18,3,15,36,3,6,5,14,2,3,20,25,14,1,7,22,10,6,23,20,0,14,34
2024,9,45505,C,Preliminary,Paris,France,Türkiye,Dominican Republic,12/24 (50%),13/16 (81%),3,1,21,25,25,25,-,25,18,22,15,-,4,21,12,4,5,0,12,1,12,25,4,2,3,9,5,3,16,24,6,1,5,12,13,3,17,6,0,17,23
2024,9,45505,C,Preliminary,Paris,France,Dominican Republic,Türkiye,23/81 (28%),57/95 (60%),1,3,25,18,22,15,-,21,25,25,25,-,ALL,59,49,6,4,0,49,17,57,123,6,20,28,54,4,10,67,81,32,9,40,81,21,18,67,28,0,83,111
2024,9,45505,C,Preliminary,Paris,France,Dominican Republic,Türkiye,8/24 (33%),17/22 (77%),1,3,25,18,22,15,-,21,25,25,25,-,1,17,14,2,1,0,14,5,18,37,2,6,5,13,1,4,19,24,10,0,8,18,9,3,19,5,0,27,32
2024,9,45505,C,Preliminary,Paris,France,Dominican Republic,Türkiye,4/19 (21%),14/24 (58%),1,3,25,18,22,15,-,21,25,25,25,-,2,12,10,1,1,0,10,3,15,28,1,4,7,12,1,2,16,19,3,2,15,20,2,6,15,5,0,19,24
2024,9,45505,C,Preliminary,Paris,France,Dominican Republic,Türkiye,8/22 (36%),14/25 (56%),1,3,25,18,22,15,-,21,25,25,25,-,3,18,15,2,1,0,15,5,11,31,2,7,10,19,1,0,21,22,13,2,7,22,6,4,17,9,0,21,30
2024,9,45505,C,Preliminary,Paris,France,Dominican Republic,Türkiye,3/16 (19%),12/24 (50%),1,3,25,18,22,15,-,21,25,25,25,-,4,12,10,1,1,0,10,4,13,27,1,3,6,10,1,4,11,16,6,5,10,21,4,5,16,9,0,16,25
2024,10,45505,B,Preliminary,Paris,France,Brazil,Japan,33/73 (45%),42/57 (74%),3,0,25,25,25,-,-,20,17,18,-,-,ALL,59,45,10,4,0,45,10,44,99,10,15,34,59,4,9,60,73,29,2,14,45,45,7,64,22,1,72,95
2024,10,45505,B,Preliminary,Paris,France,Brazil,Japan,10/24 (42%),15/21 (71%),3,0,25,25,25,-,-,20,17,18,-,-,1,19,13,4,2,0,13,6,9,28,4,5,9,18,2,5,17,24,11,1,4,16,10,2,13,6,0,20,26
2024,10,45505,B,Preliminary,Paris,France,Brazil,Japan,14/25 (56%),11/17 (65%),3,0,25,25,25,-,-,20,17,18,-,-,2,19,16,2,1,0,16,3,18,37,2,4,12,18,1,2,22,25,8,0,5,13,19,3,28,9,1,26,36
2024,10,45505,B,Preliminary,Paris,France,Brazil,Japan,9/24 (38%),16/19 (84%),3,0,25,25,25,-,-,20,17,18,-,-,3,21,16,4,1,0,16,1,17,34,4,6,13,23,1,2,21,24,10,1,5,16,16,2,23,7,0,26,33
2024,10,45505,B,Preliminary,Paris,France,Japan,Brazil,15/57 (26%),40/73 (55%),0,3,20,17,18,-,-,25,25,25,-,-,ALL,37,32,3,2,0,32,16,63,111,3,13,28,44,2,9,45,56,40,4,18,62,43,11,67,47,0,61,108
2024,10,45505,B,Preliminary,Paris,France,Japan,Brazil,6/21 (29%),14/24 (58%),0,3,20,17,18,-,-,25,25,25,-,-,1,11,8,2,1,0,8,7,13,28,2,3,5,10,1,3,17,21,12,2,4,18,11,3,16,13,0,16,29
2024,10,45505,B,Preliminary,Paris,France,Japan,Brazil,6/17 (35%),11/25 (44%),0,3,20,17,18,-,-,25,25,25,-,-,2,10,10,0,0,0,10,4,26,40,0,5,12,17,0,3,13,16,12,1,9,22,16,8,29,10,0,28,38
2024,10,45505,B,Preliminary,Paris,France,Japan,Brazil,3/19 (16%),15/24 (63%),0,3,20,17,18,-,-,25,25,25,-,-,3,16,14,1,1,0,14,5,24,43,1,5,11,17,1,3,15,19,16,1,5,22,16,0,22,24,0,17,41
2024,11,45505,C,Preliminary,Paris,France,Italy,Netherlands,33/77 (43%),46/66 (70%),3,0,29,25,25,-,-,27,18,19,-,-,ALL,66,58,7,1,0,58,13,55,126,7,18,27,52,1,5,71,77,29,5,26,60,60,15,89,18,0,101,119
2024,11,45505,C,Preliminary,Paris,France,Italy,Netherlands,12/28 (43%),17/28 (61%),3,0,29,25,25,-,-,27,18,19,-,-,1,25,20,4,1,0,20,9,16,45,4,6,8,18,1,2,25,28,12,4,9,25,21,4,28,5,0,39,44
2024,11,45505,C,Preliminary,Paris,France,Italy,Netherlands,11/25 (44%),14/18 (78%),3,0,29,25,25,-,-,27,18,19,-,-,2,19,19,0,0,0,19,1,17,37,0,8,7,15,0,2,23,25,5,1,9,15,21,3,25,9,0,25,34
2024,11,45505,C,Preliminary,Paris,France,Italy,Netherlands,10/24 (42%),15/20 (75%),3,0,29,25,25,-,-,27,18,19,-,-,3,22,19,3,0,0,19,3,22,44,3,4,12,19,0,1,23,24,12,0,8,20,18,8,36,4,0,37,41
2024,11,45505,C,Preliminary,Paris,France,Netherlands,Italy,20/66 (30%),44/77 (57%),0,3,27,18,19,-,-,29,25,25,-,-,ALL,50,41,4,5,0,41,15,63,119,4,21,30,55,5,5,56,66,35,1,35,71,44,25,76,33,0,80,113
2024,11,45505,C,Preliminary,Paris,France,Netherlands,Italy,11/28 (39%),16/28 (57%),0,3,27,18,19,-,-,29,25,25,-,-,1,18,12,2,4,0,12,6,22,40,2,5,8,15,4,2,22,28,11,1,14,26,13,10,26,10,0,28,38
2024,11,45505,C,Preliminary,Paris,France,Netherlands,Italy,4/18 (22%),14/25 (56%),0,3,27,18,19,-,-,29,25,25,-,-,2,16,14,1,1,0,14,3,14,31,1,10,9,20,1,3,14,18,13,0,10,23,7,7,17,7,0,24,31
2024,11,45505,C,Preliminary,Paris,France,Netherlands,Italy,5/20 (25%),14/24 (58%),0,3,27,18,19,-,-,29,25,25,-,-,3,16,15,1,0,0,15,6,27,48,1,6,13,20,0,0,20,20,11,0,11,22,24,8,33,16,0,28,44
2024,12,45505,A,Preliminary,Paris,France,France,China,12/55 (22%),41/73 (56%),0,3,18,16,19,-,-,25,25,25,-,-,ALL,47,39,6,2,0,39,21,46,106,6,9,22,37,2,9,44,55,31,2,38,71,38,27,76,22,0,83,105
2024,12,45505,A,Preliminary,Paris,France,France,China,3/19 (16%),15/24 (63%),0,3,18,16,19,-,-,25,25,25,-,-,1,17,16,1,0,0,16,7,14,37,1,3,5,9,0,4,15,19,13,2,8,23,17,9,29,9,0,28,37
2024,12,45505,A,Preliminary,Paris,France,France,China,3/16 (19%),13/25 (52%),0,3,18,16,19,-,-,25,25,25,-,-,2,13,10,2,1,0,10,8,17,35,2,0,6,8,1,4,11,16,10,0,14,24,9,10,23,8,0,24,32
2024,12,45505,A,Preliminary,Paris,France,France,China,6/20 (30%),13/24 (54%),0,3,18,16,19,-,-,25,25,25,-,-,3,17,13,3,1,0,13,6,15,34,3,6,11,20,1,1,18,20,8,0,16,24,12,8,24,5,0,31,36
2024,12,45505,A,Preliminary,Paris,France,China,France,32/73 (44%),43/55 (78%),3,0,25,25,25,-,-,18,16,19,-,-,ALL,57,43,12,2,0,43,9,45,97,12,20,27,59,2,2,69,73,32,2,11,45,52,16,72,31,1,62,94
2024,12,45505,A,Preliminary,Paris,France,China,France,9/24 (38%),16/19 (84%),3,0,25,25,25,-,-,18,16,19,-,-,1,17,12,3,2,0,12,1,20,33,3,9,10,22,2,1,21,24,11,0,3,14,20,7,28,13,0,20,33
2024,12,45505,A,Preliminary,Paris,France,China,France,12/25 (48%),13/16 (81%),3,0,25,25,25,-,-,18,16,19,-,-,2,18,13,5,0,0,13,4,12,29,5,4,8,17,0,1,24,25,8,1,3,12,17,4,23,9,0,19,28
2024,12,45505,A,Preliminary,Paris,France,China,France,11/24 (46%),14/20 (70%),3,0,25,25,25,-,-,18,16,19,-,-,3,22,18,4,0,0,18,4,13,35,4,7,9,20,0,0,24,24,13,1,5,19,15,5,21,9,1,23,33
2024,13,45507,C,Preliminary,Paris,France,Netherlands,Dominican Republic,33/90 (37%),56/99 (57%),1,3,25,21,17,26,-,22,25,25,28,-,ALL,64,50,9,5,0,50,21,77,148,9,24,44,77,5,12,73,90,51,5,34,90,54,24,94,41,3,95,139
2024,13,45507,C,Preliminary,Paris,France,Netherlands,Dominican Republic,10/24 (42%),15/23 (65%),1,3,25,21,17,26,-,22,25,25,28,-,1,17,13,3,1,0,13,6,13,32,3,5,11,19,1,2,21,24,13,2,5,20,7,5,17,9,0,19,28
2024,13,45507,C,Preliminary,Paris,France,Netherlands,Dominican Republic,7/22 (32%),14/24 (58%),1,3,25,21,17,26,-,22,25,25,28,-,2,17,12,2,3,0,12,3,22,37,2,10,8,20,3,4,15,22,9,1,12,22,14,4,24,7,0,27,34
2024,13,45507,C,Preliminary,Paris,France,Netherlands,Dominican Republic,6/17 (35%),11/25 (44%),1,3,25,21,17,26,-,22,25,25,28,-,3,11,9,1,1,0,9,6,16,31,1,4,6,11,1,2,14,17,17,2,5,24,9,7,16,15,1,15,31
2024,13,45507,C,Preliminary,Paris,France,Netherlands,Dominican Republic,10/27 (37%),16/27 (59%),1,3,25,21,17,26,-,22,25,25,28,-,4,19,16,3,0,0,16,6,26,48,3,5,19,27,0,4,23,27,12,0,12,24,24,8,37,10,2,34,46
2024,13,45507,C,Preliminary,Paris,France,Dominican Republic,Netherlands,43/99 (43%),57/90 (63%),3,1,22,25,25,28,-,25,21,17,26,-,ALL,74,59,10,5,0,59,25,79,163,10,13,35,58,5,8,86,99,46,5,27,78,76,19,108,20,1,128,149
2024,13,45507,C,Preliminary,Paris,France,Dominican Republic,Netherlands,8/23 (35%),14/24 (58%),3,1,22,25,25,28,-,25,21,17,26,-,1,16,12,2,2,0,12,8,20,40,2,7,6,15,2,2,19,23,12,1,9,22,18,3,25,2,1,37,40
2024,13,45507,C,Preliminary,Paris,France,Dominican Republic,Netherlands,10/24 (42%),15/22 (68%),3,1,22,25,25,28,-,25,21,17,26,-,2,21,17,3,1,0,17,4,18,39,3,2,12,17,1,2,21,24,13,3,2,18,18,5,26,10,0,23,33
2024,13,45507,C,Preliminary,Paris,France,Dominican Republic,Netherlands,14/25 (56%),11/17 (65%),3,1,22,25,25,28,-,25,21,17,26,-,3,18,14,2,2,0,14,6,8,28,2,2,6,10,2,1,22,25,8,1,6,15,14,5,21,2,0,25,27
2024,13,45507,C,Preliminary,Paris,France,Dominican Republic,Netherlands,11/27 (41%),17/27 (63%),3,1,22,25,25,28,-,25,21,17,26,-,4,19,16,3,0,0,16,7,33,56,3,2,11,16,0,3,24,27,13,0,10,23,26,6,36,6,0,43,49
2024,14,45507,B,Preliminary,Paris,France,Japan,Kenya,33/73 (45%),42/53 (79%),3,0,25,25,25,-,-,17,22,12,-,-,ALL,54,47,4,3,0,47,9,34,90,4,15,21,40,3,3,67,73,31,2,13,46,29,13,65,27,1,63,91
2024,14,45507,B,Preliminary,Paris,France,Japan,Kenya,10/24 (42%),15/18 (83%),3,0,25,25,25,-,-,17,22,12,-,-,1,20,17,0,3,0,17,3,14,34,0,5,7,12,3,1,20,24,14,0,3,17,4,4,23,9,0,25,34
2024,14,45507,B,Preliminary,Paris,France,Japan,Kenya,9/25 (36%),16/22 (73%),3,0,25,25,25,-,-,17,22,12,-,-,2,19,18,1,0,0,18,4,7,29,1,6,9,16,0,1,24,25,11,2,5,18,14,6,20,7,1,22,30
2024,14,45507,B,Preliminary,Paris,France,Japan,Kenya,14/24 (58%),11/13 (85%),3,0,25,25,25,-,-,17,22,12,-,-,3,15,12,3,0,0,12,2,13,27,3,4,5,12,0,1,23,24,6,0,5,11,11,3,22,11,0,16,27
2024,14,45507,B,Preliminary,Paris,France,Kenya,Japan,11/53 (21%),40/73 (55%),0,3,17,22,12,-,-,25,25,25,-,-,ALL,44,36,6,2,0,36,16,45,97,6,11,16,33,2,7,44,53,24,3,42,69,21,25,59,11,3,80,94
2024,14,45507,B,Preliminary,Paris,France,Kenya,Japan,3/18 (17%),14/24 (58%),0,3,17,22,12,-,-,25,25,25,-,-,1,16,13,3,0,0,13,3,15,31,3,3,9,15,0,1,17,18,9,3,10,22,7,8,20,6,2,22,30
2024,14,45507,B,Preliminary,Paris,France,Kenya,Japan,6/22 (27%),16/25 (64%),0,3,17,22,12,-,-,25,25,25,-,-,2,18,14,2,2,0,14,2,13,29,2,4,3,9,2,4,16,22,9,0,15,24,3,12,20,2,1,27,30
2024,14,45507,B,Preliminary,Paris,France,Kenya,Japan,2/13 (15%),10/24 (42%),0,3,17,22,12,-,-,25,25,25,-,-,3,10,9,1,0,0,9,11,17,37,1,4,4,9,0,2,11,13,6,0,17,23,11,5,19,3,0,31,34
2024,15,45508,C,Preliminary,Paris,France,Italy,Türkiye,37/73 (51%),38/53 (72%),3,0,25,25,25,-,-,14,16,21,-,-,ALL,58,44,9,5,0,44,8,43,95,9,8,18,35,5,7,61,73,26,1,20,47,43,23,72,7,3,79,89
2024,15,45508,C,Preliminary,Paris,France,Italy,Türkiye,12/24 (50%),13/15 (87%),3,0,25,25,25,-,-,14,16,21,-,-,1,20,15,3,2,0,15,2,15,32,3,1,5,9,2,3,19,24,10,1,3,14,16,5,22,2,1,27,30
2024,15,45508,C,Preliminary,Paris,France,Italy,Türkiye,14/25 (56%),11/16 (69%),3,0,25,25,25,-,-,14,16,21,-,-,2,21,17,3,1,0,17,0,19,36,3,4,11,18,1,1,23,25,8,0,7,15,18,10,33,2,1,30,33
2024,15,45508,C,Preliminary,Paris,France,Italy,Türkiye,11/24 (46%),14/22 (64%),3,0,25,25,25,-,-,14,16,21,-,-,3,17,12,3,2,0,12,6,9,27,3,3,2,8,2,3,19,24,8,0,10,18,9,8,17,3,1,22,26
2024,15,45508,C,Preliminary,Paris,France,Türkiye,Italy,15/53 (28%),36/73 (49%),0,3,14,16,21,-,-,25,25,25,-,-,ALL,35,32,2,1,0,32,18,38,88,2,12,34,48,1,6,46,53,27,5,33,65,32,28,70,16,2,72,90
2024,15,45508,C,Preliminary,Paris,France,Türkiye,Italy,2/15 (13%),12/24 (50%),0,3,14,16,21,-,-,25,25,25,-,-,1,9,7,1,1,0,7,5,13,25,1,6,11,18,1,1,13,15,7,2,12,21,9,7,19,3,2,22,27
2024,15,45508,C,Preliminary,Paris,France,Türkiye,Italy,5/16 (31%),11/25 (44%),0,3,14,16,21,-,-,25,25,25,-,-,2,14,14,0,0,0,14,6,17,37,0,3,17,20,0,1,15,16,13,1,10,24,14,13,33,7,0,30,37
2024,15,45508,C,Preliminary,Paris,France,Türkiye,Italy,8/22 (36%),13/24 (54%),0,3,14,16,21,-,-,25,25,25,-,-,3,12,11,1,0,0,11,7,8,26,1,3,6,10,0,4,18,22,7,2,11,20,9,8,18,6,0,20,26
2024,16,45508,A,Preliminary,Paris,France,France,USA,28/76 (37%),46/81 (57%),0,3,27,27,20,-,-,29,29,25,-,-,ALL,53,44,6,3,0,44,21,56,121,6,12,23,41,3,8,65,76,37,5,31,73,48,32,91,23,1,93,117
2024,16,45508,A,Preliminary,Paris,France,France,USA,12/28 (43%),15/28 (54%),0,3,27,27,20,-,-,29,29,25,-,-,1,21,18,3,0,0,18,7,20,45,3,2,10,15,0,4,24,28,14,3,9,26,20,11,34,11,0,32,43
2024,16,45508,A,Preliminary,Paris,France,France,USA,10/27 (37%),17/29 (59%),0,3,27,27,20,-,-,29,29,25,-,-,2,17,13,2,2,0,13,7,19,39,2,7,4,13,2,1,24,27,9,2,13,24,17,11,29,1,0,36,37
2024,16,45508,A,Preliminary,Paris,France,France,USA,6/21 (29%),14/24 (58%),0,3,27,27,20,-,-,29,29,25,-,-,3,15,13,1,1,0,13,7,17,37,1,3,9,13,1,3,17,21,14,0,9,23,11,10,28,11,1,25,37
2024,16,45508,A,Preliminary,Paris,France,USA,France,35/81 (43%),48/76 (63%),3,0,29,29,25,-,-,27,27,20,-,-,ALL,65,48,12,5,0,48,18,56,122,12,27,28,67,5,8,68,81,39,2,25,66,49,14,72,34,0,81,115
2024,16,45508,A,Preliminary,Paris,France,USA,France,13/28 (46%),16/28 (57%),3,0,29,29,25,-,-,27,27,20,-,-,1,21,15,3,3,0,15,8,23,46,3,10,12,25,3,1,24,28,14,0,10,24,20,7,28,13,0,32,45
2024,16,45508,A,Preliminary,Paris,France,USA,France,12/29 (41%),17/27 (63%),3,0,29,29,25,-,-,27,27,20,-,-,2,27,19,6,2,0,19,6,14,39,6,9,8,23,2,6,21,29,16,2,7,25,12,4,21,14,0,23,37
2024,16,45508,A,Preliminary,Paris,France,USA,France,10/24 (42%),15/21 (71%),3,0,29,29,25,-,-,27,27,20,-,-,3,17,14,3,0,0,14,4,19,37,3,8,8,19,0,1,23,24,9,0,8,17,17,3,23,7,0,26,33
2024,17,45508,A,Preliminary,Paris,France,China,Serbia,43/99 (43%),57/95 (60%),3,1,21,25,25,29,-,25,20,22,27,-,ALL,82,64,12,6,0,64,20,63,147,12,18,31,61,6,9,84,99,44,4,36,84,49,22,91,48,0,88,136
2024,17,45508,A,Preliminary,Paris,France,China,Serbia,7/21 (33%),14/25 (56%),3,1,21,25,25,29,-,25,20,22,27,-,1,17,14,2,1,0,14,4,17,35,2,2,8,12,1,3,17,21,9,4,9,22,18,7,28,10,0,23,33
2024,17,45508,A,Preliminary,Paris,France,China,Serbia,13/25 (52%),12/20 (60%),3,1,21,25,25,29,-,25,20,22,27,-,2,21,14,5,2,0,14,2,10,26,5,5,6,16,2,3,20,25,9,0,10,19,5,6,16,10,0,17,27
2024,17,45508,A,Preliminary,Paris,France,China,Serbia,11/24 (46%),14/23 (61%),3,1,21,25,25,29,-,25,20,22,27,-,3,20,17,3,0,0,17,6,16,39,3,4,6,13,0,3,21,24,12,0,8,20,14,3,18,7,0,26,33
2024,17,45508,A,Preliminary,Paris,France,China,Serbia,12/29 (41%),17/27 (63%),3,1,21,25,25,29,-,25,20,22,27,-,4,24,19,2,3,0,19,8,20,47,2,7,11,20,3,0,26,29,14,0,9,23,12,6,29,21,0,22,43
2024,17,45508,A,Preliminary,Paris,France,Serbia,China,38/95 (40%),56/99 (57%),1,3,25,20,22,27,-,21,25,25,29,-,ALL,74,61,9,4,0,61,20,70,151,9,20,27,56,4,8,83,95,50,6,33,89,45,23,93,48,2,89,139
2024,17,45508,A,Preliminary,Paris,France,Serbia,China,11/25 (44%),14/21 (67%),1,3,25,20,22,27,-,21,25,25,29,-,1,19,14,1,4,0,14,4,17,35,1,7,5,13,4,2,19,25,9,1,7,17,10,4,21,14,0,17,31
2024,17,45508,A,Preliminary,Paris,France,Serbia,China,8/20 (40%),12/25 (48%),1,3,25,20,22,27,-,21,25,25,29,-,2,15,15,0,0,0,15,8,12,35,0,3,4,7,0,1,19,20,16,2,4,22,10,4,15,13,0,18,31
2024,17,45508,A,Preliminary,Paris,France,Serbia,China,9/23 (39%),13/24 (54%),1,3,25,20,22,27,-,21,25,25,29,-,3,17,13,4,0,0,13,5,18,36,4,4,6,14,0,1,22,23,12,0,9,21,7,8,28,13,2,19,34
2024,17,45508,A,Preliminary,Paris,France,Serbia,China,10/27 (37%),17/29 (59%),1,3,25,20,22,27,-,21,25,25,29,-,4,23,19,4,0,0,19,3,23,45,4,6,12,22,0,4,23,27,13,3,13,29,18,7,29,8,0,35,43
2024,18,45508,B,Preliminary,Paris,France,Brazil,Poland,41/87 (47%),47/72 (65%),3,0,25,38,25,-,-,21,36,14,-,-,ALL,71,56,9,6,0,56,19,54,129,9,18,35,62,6,6,75,87,42,2,21,65,59,17,89,23,1,100,124
2024,18,45508,B,Preliminary,Paris,France,Brazil,Poland,11/25 (44%),14/21 (67%),3,0,25,38,25,-,-,21,36,14,-,-,1,21,17,4,0,0,17,4,18,39,4,3,12,19,0,2,23,25,15,1,5,21,19,8,32,9,0,30,39
2024,18,45508,B,Preliminary,Paris,France,Brazil,Poland,15/37 (41%),23/37 (62%),3,0,25,38,25,-,-,21,36,14,-,-,2,30,29,0,1,0,29,13,22,64,0,8,13,21,1,2,34,37,23,1,8,32,25,8,39,10,1,48,59
2024,18,45508,B,Preliminary,Paris,France,Brazil,Poland,15/25 (60%),10/14 (71%),3,0,25,38,25,-,-,21,36,14,-,-,3,20,10,5,5,0,10,2,14,26,5,7,10,22,5,2,18,25,4,0,8,12,15,1,18,4,0,22,26
2024,18,45508,B,Preliminary,Paris,France,Poland,Brazil,25/72 (35%),46/87 (53%),0,3,21,36,14,-,-,25,38,25,-,-,ALL,58,43,13,2,0,43,18,66,127,13,27,30,70,2,6,64,72,33,6,41,80,42,12,70,31,0,89,120
2024,18,45508,B,Preliminary,Paris,France,Poland,Brazil,7/21 (33%),14/25 (56%),0,3,21,36,14,-,-,25,38,25,-,-,1,17,14,2,1,0,14,7,21,42,2,8,11,21,1,0,20,21,10,0,13,23,15,4,25,13,0,27,40
2024,18,45508,B,Preliminary,Paris,France,Poland,Brazil,14/37 (38%),22/37 (59%),0,3,21,36,14,-,-,25,38,25,-,-,2,30,19,10,1,0,19,3,28,50,10,15,11,36,1,4,32,37,16,1,18,35,17,6,27,9,0,41,50
2024,18,45508,B,Preliminary,Paris,France,Poland,Brazil,4/14 (29%),10/25 (40%),0,3,21,36,14,-,-,25,38,25,-,-,3,11,10,1,0,0,10,8,17,35,1,4,8,13,0,2,12,14,7,5,10,22,10,2,18,9,0,21,30
2024,19,45510,Quarter_Finals,Final_Round,Paris,France,USA,Poland,36/73 (49%),39/58 (67%),3,0,25,25,25,-,-,22,14,20,-,-,ALL,60,44,10,6,0,44,16,47,107,10,15,31,56,6,4,63,73,25,3,21,49,50,6,67,15,3,82,100
2024,19,45510,Quarter_Finals,Final_Round,Paris,France,USA,Poland,9/24 (38%),16/23 (70%),3,0,25,25,25,-,-,22,14,20,-,-,1,20,15,4,1,0,15,6,16,37,4,5,10,19,1,2,21,24,10,2,8,20,15,2,21,6,1,29,36
2024,19,45510,Quarter_Finals,Final_Round,Paris,France,USA,Poland,14/25 (56%),11/14 (79%),3,0,25,25,25,-,-,22,14,20,-,-,2,21,18,1,2,0,18,5,15,38,1,5,11,17,2,0,23,25,7,0,5,12,20,2,24,2,1,28,31
2024,19,45510,Quarter_Finals,Final_Round,Paris,France,USA,Poland,13/24 (54%),12/21 (57%),3,0,25,25,25,-,-,22,14,20,-,-,3,19,11,5,3,0,11,5,16,32,5,5,10,20,3,2,19,24,8,1,8,17,15,2,22,7,1,25,33
2024,19,45510,Quarter_Finals,Final_Round,Paris,France,Poland,USA,19/58 (33%),37/73 (51%),0,3,22,14,20,-,-,25,25,25,-,-,ALL,45,30,12,3,0,30,17,54,101,12,22,25,59,3,8,47,58,41,6,22,69,38,11,55,13,0,87,100
2024,19,45510,Quarter_Finals,Final_Round,Paris,France,Poland,USA,7/23 (30%),15/24 (63%),0,3,22,14,20,-,-,25,25,25,-,-,1,18,11,5,2,0,11,7,15,33,5,7,7,19,2,2,19,23,13,1,8,22,12,4,18,4,0,29,33
2024,19,45510,Quarter_Finals,Final_Round,Paris,France,Poland,USA,3/14 (21%),11/25 (44%),0,3,22,14,20,-,-,25,25,25,-,-,2,12,8,4,0,0,8,3,22,33,4,7,8,19,0,2,12,14,15,2,8,25,8,5,16,5,0,25,30
2024,19,45510,Quarter_Finals,Final_Round,Paris,France,Poland,USA,9/21 (43%),11/24 (46%),0,3,22,14,20,-,-,25,25,25,-,-,3,15,11,3,1,0,11,7,17,35,3,8,10,21,1,4,16,21,13,3,6,22,18,2,21,4,0,33,37
2024,20,45510,Quarter_Finals,Final_Round,Paris,France,Italy,Serbia,30/74 (41%),46/66 (70%),3,0,26,25,25,-,-,24,20,20,-,-,ALL,51,39,7,5,0,39,8,35,82,7,21,24,52,5,8,61,74,29,4,19,52,25,15,51,27,0,49,76
2024,20,45510,Quarter_Finals,Final_Round,Paris,France,Italy,Serbia,10/25 (40%),16/25 (64%),3,0,26,25,25,-,-,24,20,20,-,-,1,17,14,2,1,0,14,3,13,30,2,8,13,23,1,3,21,25,9,4,7,20,13,5,19,10,0,18,28
2024,20,45510,Quarter_Finals,Final_Round,Paris,France,Italy,Serbia,11/25 (44%),14/20 (70%),3,0,26,25,25,-,-,24,20,20,-,-,2,15,12,2,1,0,12,4,12,28,2,5,10,17,1,3,21,25,8,0,7,15,6,6,19,4,0,21,25
2024,20,45510,Quarter_Finals,Final_Round,Paris,France,Italy,Serbia,9/24 (38%),16/21 (76%),3,0,26,25,25,-,-,24,20,20,-,-,3,19,13,3,3,0,13,1,10,24,3,8,1,12,3,2,19,24,12,0,5,17,6,4,13,13,0,10,23
2024,20,45510,Quarter_Finals,Final_Round,Paris,France,Serbia,Italy,20/66 (30%),44/74 (59%),0,3,24,20,20,-,-,26,25,25,-,-,ALL,48,42,2,4,0,42,18,44,104,2,13,15,30,4,13,49,66,39,5,22,66,32,12,57,24,0,75,99
2024,20,45510,Quarter_Finals,Final_Round,Paris,France,Serbia,Italy,9/25 (36%),15/25 (60%),0,3,24,20,20,-,-,26,25,25,-,-,1,19,14,1,4,0,14,6,21,41,1,4,5,10,4,4,17,25,16,1,5,22,11,4,25,6,0,33,39
2024,20,45510,Quarter_Finals,Final_Round,Paris,France,Serbia,Italy,6/20 (30%),14/25 (56%),0,3,24,20,20,-,-,26,25,25,-,-,2,13,12,1,0,0,12,7,17,36,1,2,4,7,0,5,15,20,11,1,10,22,15,5,21,15,0,20,35
2024,20,45510,Quarter_Finals,Final_Round,Paris,France,Serbia,Italy,5/21 (24%),15/24 (63%),0,3,24,20,20,-,-,26,25,25,-,-,3,16,16,0,0,0,16,5,6,27,0,7,6,13,0,4,17,21,12,3,7,22,6,3,11,3,0,22,25
2024,21,45510,Quarter_Finals,Final_Round,Paris,France,China,Türkiye,42/108 (39%),65/109 (60%),2,3,25,21,24,25,12,23,25,26,21,15,ALL,85,66,12,7,0,66,15,74,155,12,24,28,64,7,6,95,108,43,9,44,96,55,51,129,42,2,105,149
2024,21,45510,Quarter_Finals,Final_Round,Paris,France,China,Türkiye,9/25 (36%),16/23 (70%),2,3,25,21,24,25,12,23,25,26,21,15,1,19,15,2,2,0,15,3,16,34,2,6,9,17,2,1,22,25,10,1,9,20,9,12,30,16,0,16,32
2024,21,45510,Quarter_Finals,Final_Round,Paris,France,China,Türkiye,9/21 (43%),12/25 (48%),2,3,25,21,24,25,12,23,25,26,21,15,2,16,11,4,1,0,11,4,14,29,4,4,3,11,1,3,17,21,7,3,12,22,11,9,22,0,1,28,29
2024,21,45510,Quarter_Finals,Final_Round,Paris,France,China,Türkiye,9/25 (36%),15/25 (60%),2,3,25,21,24,25,12,23,25,26,21,15,3,20,18,2,0,0,18,1,19,38,2,6,5,13,0,0,25,25,10,3,11,24,9,15,30,17,0,15,32
2024,21,45510,Quarter_Finals,Final_Round,Paris,France,China,Türkiye,11/24 (46%),14/22 (64%),2,3,25,21,24,25,12,23,25,26,21,15,4,19,14,2,3,0,14,5,14,33,2,5,6,13,3,1,20,24,10,2,6,18,16,8,26,3,0,30,33
2024,21,45510,Quarter_Finals,Final_Round,Paris,France,China,Türkiye,4/13 (31%),8/14 (57%),2,3,25,21,24,25,12,23,25,26,21,15,5,11,8,2,1,0,8,2,11,21,2,3,5,10,1,1,11,13,6,0,6,12,10,7,21,6,1,16,23
2024,21,45510,Quarter_Finals,Final_Round,Paris,France,Türkiye,China,44/109 (40%),66/108 (61%),3,2,23,25,26,21,15,25,21,24,25,12,ALL,95,78,8,9,0,78,23,66,167,8,23,39,70,9,10,90,109,45,7,49,101,55,37,125,34,1,127,162
2024,21,45510,Quarter_Finals,Final_Round,Paris,France,Türkiye,China,7/23 (30%),16/25 (64%),3,2,23,25,26,21,15,25,21,24,25,12,1,19,18,0,1,0,18,6,19,43,0,5,9,14,1,2,20,23,9,2,13,24,19,8,31,4,0,35,39
2024,21,45510,Quarter_Finals,Final_Round,Paris,France,Türkiye,China,13/25 (52%),12/21 (57%),3,2,23,25,26,21,15,25,21,24,25,12,2,20,14,3,3,0,14,7,9,30,3,5,6,14,3,2,20,25,7,1,9,17,6,5,21,10,0,20,30
2024,21,45510,Quarter_Finals,Final_Round,Paris,France,Türkiye,China,10/25 (40%),16/25 (64%),3,2,23,25,26,21,15,25,21,24,25,12,3,26,22,1,3,0,22,4,16,42,1,3,11,15,3,1,21,25,11,0,14,25,15,12,35,0,1,40,41
2024,21,45510,Quarter_Finals,Final_Round,Paris,France,Türkiye,China,8/22 (36%),13/24 (54%),3,2,23,25,26,21,15,25,21,24,25,12,4,18,13,3,2,0,13,4,11,28,3,8,5,16,2,4,16,22,13,3,7,23,6,6,18,15,0,15,30
2024,21,45510,Quarter_Finals,Final_Round,Paris,France,Türkiye,China,6/14 (43%),9/13 (69%),3,2,23,25,26,21,15,25,21,24,25,12,5,12,11,1,0,0,11,2,11,24,1,2,8,11,0,1,13,14,5,1,6,12,9,6,20,5,0,17,22
2024,22,45510,Quarter_Finals,Final_Round,Paris,France,Brazil,Dominican Republic,35/73 (48%),40/54 (74%),3,0,25,25,25,-,-,22,13,17,-,-,ALL,58,43,10,5,0,43,12,41,96,10,14,28,52,5,8,60,73,26,2,17,45,43,14,67,18,0,73,91
2024,22,45510,Quarter_Finals,Final_Round,Paris,France,Brazil,Dominican Republic,8/24 (33%),17/23 (74%),3,0,25,25,25,-,-,22,13,17,-,-,1,23,16,5,2,0,16,3,15,34,5,6,7,18,2,5,17,24,12,1,9,22,10,7,20,7,0,26,33
2024,22,45510,Quarter_Finals,Final_Round,Paris,France,Brazil,Dominican Republic,15/25 (60%),10/13 (77%),3,0,25,25,25,-,-,22,13,17,-,-,2,19,16,1,2,0,16,4,13,33,1,3,7,11,2,1,22,25,6,0,4,10,19,4,29,3,0,28,31
2024,22,45510,Quarter_Finals,Final_Round,Paris,France,Brazil,Dominican Republic,12/24 (50%),13/18 (72%),3,0,25,25,25,-,-,22,13,17,-,-,3,16,11,4,1,0,11,5,13,29,4,5,14,23,1,2,21,24,8,1,4,13,14,3,18,8,0,19,27
2024,22,45510,Quarter_Finals,Final_Round,Paris,France,Dominican Republic,Brazil,14/54 (26%),38/73 (52%),0,3,22,13,17,-,-,25,25,25,-,-,ALL,36,30,4,2,0,30,19,61,110,4,22,20,46,2,8,44,54,35,5,25,65,42,18,68,12,0,90,102
2024,22,45510,Quarter_Finals,Final_Round,Paris,France,Dominican Republic,Brazil,6/23 (26%),16/24 (67%),0,3,22,13,17,-,-,25,25,25,-,-,1,15,13,1,1,0,13,6,15,34,1,9,8,18,1,1,21,23,14,2,3,19,15,7,24,7,0,24,31
2024,22,45510,Quarter_Finals,Final_Round,Paris,France,Dominican Republic,Brazil,3/13 (23%),10/25 (40%),0,3,22,13,17,-,-,25,25,25,-,-,2,9,8,1,0,0,8,5,25,38,1,7,6,14,0,2,11,13,9,2,13,24,14,8,25,2,0,34,36
2024,22,45510,Quarter_Finals,Final_Round,Paris,France,Dominican Republic,Brazil,5/18 (28%),12/24 (50%),0,3,22,13,17,-,-,25,25,25,-,-,3,12,9,2,1,0,9,8,21,38,2,6,6,14,1,5,12,18,12,1,9,22,13,3,19,3,0,32,35
2024,23,45512,Semifinals,Final_Round,Paris,France,Brazil,USA,32/100 (32%),67/105 (64%),2,3,23,25,15,25,11,25,18,25,23,15,ALL,78,61,15,2,0,61,22,67,150,15,30,23,68,2,6,92,100,45,5,42,92,61,29,100,35,6,113,154
2024,23,45512,Semifinals,Final_Round,Paris,France,Brazil,USA,10/24 (42%),13/24 (54%),2,3,23,25,15,25,11,25,18,25,23,15,1,17,9,7,1,0,9,6,22,37,7,6,4,17,1,0,23,24,10,1,9,20,15,9,29,3,2,33,38
2024,23,45512,Semifinals,Final_Round,Paris,France,Brazil,USA,12/24 (50%),13/19 (68%),2,3,23,25,15,25,11,25,18,25,23,15,2,23,19,3,1,0,19,4,14,37,3,9,5,17,1,0,23,24,12,0,5,17,15,3,22,17,1,17,35
2024,23,45512,Semifinals,Final_Round,Paris,France,Brazil,USA,1/16 (6%),14/24 (58%),2,3,23,25,15,25,11,25,18,25,23,15,3,11,11,0,0,0,11,5,8,24,0,2,7,9,0,3,13,16,8,3,10,21,9,9,18,2,1,23,26
2024,23,45512,Semifinals,Final_Round,Paris,France,Brazil,USA,6/24 (25%),19/24 (79%),2,3,23,25,15,25,11,25,18,25,23,15,4,19,16,3,0,0,16,4,9,29,3,10,4,17,0,2,22,24,9,1,11,21,10,4,14,11,0,18,29
2024,23,45512,Semifinals,Final_Round,Paris,France,Brazil,USA,3/12 (25%),8/14 (57%),2,3,23,25,15,25,11,25,18,25,23,15,5,8,6,2,0,0,6,3,14,23,2,3,3,8,0,1,11,12,6,0,7,13,12,4,17,2,2,22,26
2024,23,45512,Semifinals,Final_Round,Paris,France,USA,Brazil,38/105 (36%),68/100 (68%),3,2,25,18,25,23,15,23,25,15,25,11,ALL,85,67,13,5,0,67,27,56,150,13,32,40,85,5,9,91,105,46,2,43,91,63,21,94,36,0,111,147
2024,23,45512,Semifinals,Final_Round,Paris,France,USA,Brazil,11/24 (46%),14/24 (58%),3,2,25,18,25,23,15,23,25,15,25,11,1,20,16,3,1,0,16,11,15,42,3,3,12,18,1,2,21,24,13,1,10,24,19,4,24,11,0,29,40
2024,23,45512,Semifinals,Final_Round,Paris,France,USA,Brazil,6/19 (32%),12/24 (50%),3,2,25,18,25,23,15,23,25,15,25,11,2,16,13,3,0,0,13,4,14,31,3,10,8,21,0,1,18,19,7,1,15,23,14,7,22,6,0,26,32
2024,23,45512,Semifinals,Final_Round,Paris,France,USA,Brazil,10/24 (42%),15/16 (94%),3,2,25,18,25,23,15,23,25,15,25,11,3,20,13,4,3,0,13,1,8,22,4,6,7,17,3,3,18,24,7,0,5,12,10,4,16,9,0,13,22
2024,23,45512,Semifinals,Final_Round,Paris,France,USA,Brazil,5/24 (21%),18/24 (75%),3,2,25,18,25,23,15,23,25,15,25,11,4,19,16,2,1,0,16,7,10,33,2,9,4,15,1,2,21,24,10,0,11,21,8,5,16,3,0,28,31
2024,23,45512,Semifinals,Final_Round,Paris,France,USA,Brazil,6/14 (43%),9/12 (75%),3,2,25,18,25,23,15,23,25,15,25,11,5,10,9,1,0,0,9,4,9,22,1,4,9,14,0,1,13,14,9,0,2,11,12,1,16,7,0,15,22
2024,24,45512,Semifinals,Final_Round,Paris,France,Türkiye,Italy,23/65 (35%),40/73 (55%),0,3,22,19,22,-,-,25,25,25,-,-,ALL,52,44,8,0,0,44,20,50,114,8,28,27,63,0,3,62,65,30,5,31,66,55,18,80,11,1,96,108
2024,24,45512,Semifinals,Final_Round,Paris,France,Türkiye,Italy,7/23 (30%),15/24 (63%),0,3,22,19,22,-,-,25,25,25,-,-,1,19,15,4,0,0,15,4,14,33,4,9,12,25,0,0,23,23,11,1,10,22,12,10,25,4,1,26,31
2024,24,45512,Semifinals,Final_Round,Paris,France,Türkiye,Italy,8/19 (42%),11/25 (44%),0,3,22,19,22,-,-,25,25,25,-,-,2,13,11,2,0,0,11,9,18,38,2,8,8,18,0,1,18,19,7,3,10,20,23,4,29,6,0,29,35
2024,24,45512,Semifinals,Final_Round,Paris,France,Türkiye,Italy,8/23 (35%),14/24 (58%),0,3,22,19,22,-,-,25,25,25,-,-,3,20,18,2,0,0,18,7,18,43,2,11,7,20,0,2,21,23,12,1,11,24,20,4,26,1,0,41,42
2024,24,45512,Semifinals,Final_Round,Paris,France,Italy,Türkiye,33/73 (45%),42/65 (65%),3,0,25,25,25,-,-,22,19,22,-,-,ALL,62,46,11,5,0,46,12,49,107,11,23,26,60,5,7,61,73,38,0,24,62,44,19,71,22,0,82,104
2024,24,45512,Semifinals,Final_Round,Paris,France,Italy,Türkiye,9/24 (38%),16/23 (70%),3,0,25,25,25,-,-,22,19,22,-,-,1,22,19,2,1,0,19,5,14,38,2,8,5,15,1,2,21,24,13,0,10,23,12,6,21,9,0,26,35
2024,24,45512,Semifinals,Final_Round,Paris,France,Italy,Türkiye,14/25 (56%),11/19 (58%),3,0,25,25,25,-,-,22,19,22,-,-,2,18,12,3,3,0,12,3,17,32,3,6,10,19,3,5,17,25,8,0,10,18,16,5,24,5,0,28,33
2024,24,45512,Semifinals,Final_Round,Paris,France,Italy,Türkiye,10/24 (42%),15/23 (65%),3,0,25,25,25,-,-,22,19,22,-,-,3,22,15,6,1,0,15,4,18,37,6,9,11,26,1,0,23,24,17,0,4,21,16,8,26,8,0,28,36
2024,25,45514,Bronze_Medal,Final_Round,Paris,France,Brazil,Türkiye,44/98 (45%),55/87 (63%),3,1,25,27,22,25,-,21,25,25,15,-,ALL,78,53,19,6,0,53,26,62,141,19,19,31,69,6,6,86,98,50,4,22,76,54,26,94,35,2,92,129
2024,25,45514,Bronze_Medal,Final_Round,Paris,France,Brazil,Türkiye,13/24 (54%),12/22 (55%),3,1,25,27,22,25,-,21,25,25,15,-,1,21,15,4,2,0,15,6,10,31,4,2,4,10,2,2,20,24,15,1,5,21,9,7,22,11,1,16,28
2024,25,45514,Bronze_Medal,Final_Round,Paris,France,Brazil,Türkiye,12/27 (44%),15/25 (60%),3,1,25,27,22,25,-,21,25,25,15,-,2,21,15,6,0,0,15,10,25,50,6,6,14,26,0,2,25,27,15,0,6,21,22,7,33,12,0,33,45
2024,25,45514,Bronze_Medal,Final_Round,Paris,France,Brazil,Türkiye,4/22 (18%),18/25 (72%),3,1,25,27,22,25,-,21,25,25,15,-,3,17,12,4,1,0,12,5,16,33,4,5,5,14,1,1,20,22,10,2,8,20,11,10,22,7,1,22,30
2024,25,45514,Bronze_Medal,Final_Round,Paris,France,Brazil,Türkiye,15/25 (60%),10/15 (67%),3,1,25,27,22,25,-,21,25,25,15,-,4,19,11,5,3,0,11,5,11,27,5,6,8,19,3,1,21,25,10,1,3,14,12,2,17,5,0,21,26
2024,25,45514,Bronze_Medal,Final_Round,Paris,France,Türkiye,Brazil,32/87 (37%),54/98 (55%),1,3,21,25,25,15,-,25,27,22,25,-,ALL,69,48,17,4,0,48,29,64,141,17,31,27,75,4,10,73,87,38,6,49,93,55,16,81,19,1,110,130
2024,25,45514,Bronze_Medal,Final_Round,Paris,France,Türkiye,Brazil,10/22 (45%),11/24 (46%),1,3,21,25,25,15,-,25,27,22,25,-,1,15,11,3,1,0,11,7,12,30,3,6,5,14,1,1,20,22,4,2,16,22,9,6,15,2,0,25,27
2024,25,45514,Bronze_Medal,Final_Round,Paris,France,Türkiye,Brazil,10/25 (40%),15/27 (56%),1,3,21,25,25,15,-,25,27,22,25,-,2,21,13,8,0,0,13,8,26,47,8,11,10,29,0,4,21,25,12,0,13,25,22,2,28,6,0,38,44
2024,25,45514,Bronze_Medal,Final_Round,Paris,France,Türkiye,Brazil,7/25 (28%),18/22 (82%),1,3,21,25,25,15,-,25,27,22,25,-,3,21,16,3,2,0,16,5,10,31,3,9,8,20,2,4,19,25,11,1,10,22,12,2,17,5,0,24,29
2024,25,45514,Bronze_Medal,Final_Round,Paris,France,Türkiye,Brazil,5/15 (33%),10/25 (40%),1,3,21,25,25,15,-,25,27,22,25,-,4,12,8,3,1,0,8,9,16,33,3,5,4,12,1,1,13,15,11,3,10,24,12,6,21,6,1,23,30
2024,26,45515,Gold_Medal,Final_Round,Paris,France,USA,Italy,11/56 (20%),44/74 (59%),0,3,18,20,17,-,-,25,25,25,-,-,ALL,38,35,0,3,0,35,19,53,107,0,16,24,40,3,3,50,56,30,7,28,65,52,27,86,26,1,82,109
2024,26,45515,Gold_Medal,Final_Round,Paris,France,USA,Italy,5/18 (28%),13/25 (52%),0,3,18,20,17,-,-,25,25,25,-,-,1,14,12,0,2,0,12,9,21,42,0,4,12,16,2,0,16,18,15,2,6,23,23,9,33,12,0,32,44
2024,26,45515,Gold_Medal,Final_Round,Paris,France,USA,Italy,3/21 (14%),17/24 (71%),0,3,18,20,17,-,-,25,25,25,-,-,2,14,13,0,1,0,13,3,13,29,0,5,9,14,1,2,18,21,10,0,11,21,10,13,26,9,1,19,29
2024,26,45515,Gold_Medal,Final_Round,Paris,France,USA,Italy,3/17 (18%),14/25 (56%),0,3,18,20,17,-,-,25,25,25,-,-,3,10,10,0,0,0,10,7,19,36,0,7,3,10,0,1,16,17,5,5,11,21,19,5,27,5,0,31,36
2024,26,45515,Gold_Medal,Final_Round,Paris,France,Italy,USA,30/74 (41%),45/56 (80%),3,0,25,25,25,-,-,18,20,17,-,-,ALL,63,45,11,7,0,45,8,42,95,11,17,21,49,7,9,58,74,31,3,19,53,41,17,73,11,0,84,95
2024,26,45515,Gold_Medal,Final_Round,Paris,France,Italy,USA,12/25 (48%),13/18 (72%),3,0,25,25,25,-,-,18,20,17,-,-,1,20,14,4,2,0,14,2,21,37,4,3,10,17,2,2,21,25,14,2,2,18,17,8,30,7,0,28,35
2024,26,45515,Gold_Medal,Final_Round,Paris,France,Italy,USA,7/24 (29%),18/21 (86%),3,0,25,25,25,-,-,18,20,17,-,-,2,21,19,2,0,0,19,3,11,33,2,6,5,13,0,3,21,24,11,1,7,19,14,7,24,2,0,32,34
2024,26,45515,Gold_Medal,Final_Round,Paris,France,Italy,USA,11/25 (44%),14/17 (82%),3,0,25,25,25,-,-,18,20,17,-,-,3,22,12,5,5,0,12,3,10,25,5,8,6,19,5,4,16,25,6,0,10,16,10,2,19,2,0,24,26
